title,URL,description,content,authors,thumbnail,published_time_wp,modified_time_wp,published_time,modified_time,original_tags,outlet,user_id
"Ao falar do Brasil, Ciro Gomes usa dados falsos e exagerados",https://apublica.org/2018/04/truco-ao-falar-do-brasil-ciro-gomes-usa-dados-falsos-e-exagerados/,"Presidenciável citou números errados sobre segurança, dívida pública e Previdência ao participar de fóruns e entrevistas na Europa","Foto: Murilo Silva/CAPOLCiro Gomes em palestra na UFABC, em 2017; no exterior, pré-candidato mencionou dados falsos
O PDT lançou Ciro Gomes como pré-candidato à presidência em 8 de março. A primeira vez que ele disputou o cargo foi em 1998, e esta será a sua terceira tentativa. O político começou sua pré-candidatura com entrevistas e viagens falando sobre suas propostas. Ainda em março, Ciro foi à Europa para participar de fóruns e entrevistas sobre a conjuntura política e econômica brasileira em diversas universidades.
O Truco – projeto de fact-checking da Agência Pública – selecionou e checou oito falas de Ciro Gomes ditas em entrevista à Radio França Internacional (RFI) e em palestra na Universidade de Sorbonne. A assessoria de imprensa do presidenciável foi procurada, mas não divulgou a origem dos dados citados. Após análise, a maioria das afirmações do pré-candidato foi considerada falsa. A assessoria de Ciro foi comunicada sobre os selos dados às frases – pela metodologia do Truco, essa é a segunda chance que os políticos têm de se manifestar ­–, mas, de novo, preferiu não responder. Leia abaixo o resultado da checagem.

“[O Brasil teve] 64.700 homicídios nos últimos doze meses.”

É impossível saber a quantidade de homicídios cometidos no Brasil no período citado pelo pré-candidato, que citou o número em entrevista à RFI em 29 de março. Os últimos dados nacionais sobre esse tema são do Anuário Brasileiro de Segurança Pública, divulgado em 2017, que registrou 61.283 mortes violentas intencionais no país em 2016. O Fórum Brasileiro de Segurança Pública, responsável pela publicação, diz não dispor dos dados dos últimos 12 meses.
Algumas secretarias de Segurança Pública estaduais possuem informações mais recentes, porém a maioria é do ano passado e não abrange todo o período. No caso da Secretaria de Segurança Pública da Bahia, por exemplo, as últimas estatísticas disponíveis são de agosto de 2017.
Ainda que houvesse dados regionais do período citado, não seria possível calcular o número de homicídios nos últimos 12 meses no Brasil. Isso porque a produção de estatísticas criminais e a sua divulgação varia entre os estados. Enquanto São Paulo divulga os homicídios dolosos registrados a cada 100 mil habitantes, Santa Catarina inclui todas as mortes violentas intencionais registradas em números absolutos. O Rio Grande do Sul, por sua vez, divulga o número absoluto de homicídios dolosos somados a latrocínios. Assim, apenas levantamentos federais dão conta de determinar a quantidade de homicídios no país.
Ciro já usou esse dado anteriormente em seu discurso de pré-candidatura à presidência, em 8 de março, mas em outro contexto. Em suas palavras “O Brasil, no ano passado, em 2017, assistiu matarem 64.700 jovens.” A diferença foi que, agora, ele mudou o período para os últimos doze meses.

“A escalada do crime organizado e das facções criminosas produz uma impunidade de quase 92% ­– só 8% desses homicídios são esclarecidos.”
A taxa de esclarecimento de homicídios citada por Ciro Gomes na entrevista à RFI costuma ser bastante repetida por figuras públicas. O Truco já checou afirmações parecidas ditas pelo ministro do Supremo Tribunal Federal (STF) Gilmar Mendes e pelo senador Wilder Morais (PP-GO), autor do Estatuto do Armamento. Os números provocam impacto por mostrarem a ineficiência da polícia, mas o dado é falso.
O Instituto Sou da Paz atribui a repetição desse dado a um documento oficial da Estratégia Nacional de Segurança Pública (Enasp). “Ele cita uma pesquisa que não existe, porque não existe indicador nacional para os casos de esclarecimento de homicídios no Brasil. O que existe são pesquisas regionais que precisam ser avaliadas por não seguirem um mesmo padrão”, explica Bruno Langeani, gerente de sistemas de justiça e segurança pública do Sou da Paz.
No documento da Enasp, a informação é atribuída a uma pesquisa da Associação Brasileira de Criminalística, que por sua vez, diz que a fonte é o livro O Inquérito Policial no Brasil: uma pesquisa empírica, de Michel Misse. “Não existe taxa nacional [de solução de homicídios]. (…) Há aproximações como a do CNJ [Conselho Nacional de Justiça] e até hoje só a vejo sendo repetida. No meu trabalho, encontramos uma taxa média para cinco capitais entre 10% e 15%. Mas não é uma taxa nacional”, disse Misse, em entrevista ao Truco.
A reportagem também procurou documentos do Ministério da Justiça e levantou dados do estudo “A Investigação de Homicídios no Brasil”. Porém, não encontrou números nacionais padronizados e consolidados.



Como são resolvidos os homicídios


Pesquisa
UF
Período
Taxa de esclarecimento


Soares et al. (1996)
RJ
1992
8 %


Rifiotis (2007)
SC
2000-2006
43 %


Ratton e Cireno (2007)
PE
2003-2005
15 %


Misse e Vargas (2007)
RJ
2000-2005
14 %


Sapori (2007)
MG
2000-2005
15 %


Costa (2010)
DF
2003-2007
69 %



Fontes: Ribeiro (2009) e Costa (2010)
O Sou da Paz fez um levantamento de diversos dados disponíveis sobre registro e esclarecimento de homicídios no Brasil como parte de uma campanha de combate à violência. A conclusão foi publicada no estudo “Onde Mora a Impunidade: porque o Brasil precisa de um indicador nacional de esclarecimento de homicídios”. “O que o Sou da Paz defende é que seja feito um indicador nacional oficial que aplique uma só metodologia, não só para poder combater a impunidade, mas para poder comparar um estado ao outro”, explica Langeani.

“A dívida absolutamente explosiva tem hoje R$ 1,184 trilhão, ou seja 26% da dívida pública, vencendo em 4 dias.” 
Ao responder a uma pergunta sobre os problemas mais urgentes do Brasil no final da entrevista à RFI, Ciro Gomes afirmou que o país está quebrado. Para exemplificar essa situação, o pré-candidato à Presidência citou que 26% da dívida pública do Brasil, que corresponderiam a R$ 1,184 trilhão, venceria em quatro dias. O Truco confrontou essa afirmação com os dados disponíveis no Relatório da Dívida Pública Federal de fevereiro, elaborado pela Secretaria do Tesouro Nacional, e descobriu que a afirmação é falsa.
Os números mostram que o estoque da dívida pública do governo federal em fevereiro, ou seja, seu valor total, era de R$ 3,582 trilhões. O cálculo de 26% dessa quantia corresponde a R$ 931,32 bilhões, o que é inferior ao R$ 1,184 trilhão mencionado pelo presidenciável. A informação de que esse percentual venceria em quatro dias também é falsa. De acordo com o documento, 17,76% da dívida ­– isto é, R$ 637,29 bilhões – vencem dentro de 12 meses. O restante vai vencer em prazos maiores: de 1 a 2 anos (14,16%); de 2 a 3 anos (14,79%); de 3 a 4 anos (16,93%); de 4 a 5 anos (12,18%); mais de 5 anos (24,15%).
Outro indicador importante presente no documento é o prazo médio de vencimento da dívida. Em fevereiro, ficou em 4,27 anos. Logo, não há nenhuma urgência para que o pagamento ocorra dentro de quatro dias. Além disso, a dívida de prazo mais curto é bem menor do que o valor citado por Ciro Gomes – sua duração chega a até um ano. Os números não confirmam a tendência alertada pelo presidenciável, o que torna a sua frase falsa.

“O déficit da Previdência, depois de subtraídos os seus recursos pela DRU [Desvinculação de Receitas da União], chegou a R$ 180 bilhões ano passado.”
A definição sobre se existe ou não um déficit na Previdência é discutível. O governo considera um conjunto de receitas e despesas como parte da seguridade social – que engloba a Previdência ­– para calcular o rombo no sistema. Entidades como a Associação Nacional dos Auditores Fiscais da Receita Federal (Anfip) e a Confederação Brasileira de Aposentados, Pensionistas e Idosos (Cobap) defendem outra metodologia para essa conta, que especialistas consideram igualmente válida.
Ao falar sobre o tema na entrevista à RFI, Ciro Gomes adotou a metodologia do governo federal para dizer que, em 2017, o déficit chegou a R$ 180 bilhões, se for desconsiderada a Desvinculação de Receitas da União (DRU). A DRU é um mecanismo por meio do qual o governo pode redirecionar até 30% de todos os tributos federais vinculados por lei a fundos e despesas para outras áreas. Críticos da reforma da Previdência afirmam que a retirada desses recursos acaba por aumentar o déficit. O número usado por Ciro, no entanto, é falso.
Os dados do Ministério do Planejamento mostram que o valor do déficit em toda a seguridade social no ano passado, sem considerar a DRU, foi de R$ 192,1 bilhões. Levando-se em conta a desvinculação, o número sobe para R$ 292,4 bilhões. Em 2016 e 2017, o uso da DRU atingiu os valores recordes de R$ 92 bilhões e R$ 100,4 bilhões, respectivamente. Entre 2013 e 2015, manteve-se na casa dos R$ 60 bilhões. Já o déficit apenas da Previdência Social foi de R$ 268,8 bilhões.

“O Brasil está se desindustrializando como nenhum outro país no mundo.”
Não há consenso entre especialistas sobre se o Brasil está de fato se desindustrializando, como disse Ciro à RFI. Existem diferentes hipóteses sobre o tema e até sobre o próprio conceito de desindustrialização. “O assunto é muitas vezes abordado sem uma definição clara do termo e que há também excessiva concentração da pesquisa aplicada em torno da participação da indústria no valor adicionado”, diz Gabriel Squeff, pesquisador do Instituto de Pesquisa Econômica Aplicada (Ipea), em seu estudo “Desindustrialização: Luzes e Sombras no Debate Brasileiro”.
Se considerada a desindustrialização apenas como redução persistente da participação da indústria no Produto Interno Bruto (PIB), isso está de fato acontecendo no Brasil.  De acordo com dados do Banco Mundial, a porcentagem da indústria manufatureira brasileira no PIB nacional diminuiu 17,9 pontos porcentuais de 1960 para 2016 – antes representava 29,6% e passou a representar 11,7%.
Outro defensor dessa tese é o economista coreano Ha-Joon Chang que, em entrevista ao El País, avaliou a situação brasileira como excepcional. “O Brasil está experimentando uma das maiores desindustrializações da história da economia”, avaliou. Segundo ele, a indústria de transformação representava 30% da produção nacional nos anos 80 e 90 e atualmente não chega a 12%.
Se forem observados outros fatores como evolução do emprego e produtividade, no entanto, a desindustrialização não se observa de maneira tão evidente. Dados da Pesquisa Industrial Mensal – Produção Física do Instituto Brasileiro de Geografia e Estatística (IBGE) mostram que houve aumento de janeiro de 2012 a fevereiro de 2018. Nesse intervalo, a produção industrial foi de 77,2 para 89,1 – número índice formulado a partir de dados de 2012 – um aumento de 13%. Em alguns períodos, como em março de 2011, o crescimento chegou a 26% – foi de 77,2 para 104,8.

Outros fatores também podem explicar a redução estatística da indústria no PIB sem significar uma real redução da participação industrial na economia. Em entrevista ao Truco, o pesquisador Mauro Oddo Nogueira, do Ipea, cita um deles. “O processo de terceirização na indústria produz uma percepção de desindustrialização que não necessariamente é verdade”, diz. Ele explica que quando um serviço industrial é terceirizado, o valor adicionado e as contratações relacionadas a ele entram como serviços nas estatísticas do PIB, não como indústria, fazendo com que aparentemente a porcentagem da indústria diminua.
A terceirização de serviços industriais também é citada, entre outras coisas, como fator de contradição sobre a desindustrialização no artigo “Uma crítica aos indicadores mais usuais de desindustrialização no Brasil”, do professor da Universidade Tecnológica Federal do Paraná (UTFPR) Ricardo Lobato Torres e do economista e pesquisador Henrique Cavalieri. “[Uma] segunda causa de ilusão estatística seriam as mudanças metodológicas nas formas de apresentação dos dados do IBGE, como possível realocação de empresas antes classificadas como industriais para outros setores de atividade econômica”, acrescenta o estudo.
Além disso, se confrontada com outros países, a situação brasileira pode ou não ser considerada excepcional, dependendo do período analisado e dos fatores comparados. O relatório de 2016 da Conferência das Nações Unidas para Comércio e Desenvolvimento, mostra que, de 1970 para 2014, a participação da indústria no valor econômico adicionado no comércio do Brasil caiu de 27,4% para 10,9%, a maior queda de todos os países destacados no estudo.
Contudo, como mostram dados do Banco Mundial, a participação da indústria no PIB brasileiro foi de 28% para 21% de 2005 a 2016 – 7 pontos porcentuais de redução. No mesmo período, o Chipre teve redução de 9 pontos porcentuais. Na Finlândia, a redução foi de 10 pontos porcentuais. Na Noruega, foi de 11 pontos porcentuais.
A redução para o mesmo período em toda a América Latina e Caribe foi de 7 pontos porcentuais – a mesma que o Brasil.
Levando-se em conta outros fatores como a produção industrial na conta da desindustrialização, a situação brasileira é melhor do que a de outras economias. Segundo as estatísticas mundiais de produção manufaturada da UNCTAD, o Brasil teve um crescimento de 6,2% no último quadrimestre de 2017 – acima da média de países com economias industriais emergentes, que foi de pouco mais de 4% em comparação com o mesmo quadrimestre do ano retrasado. A África do Sul, por exemplo, teve crescimento inferior, de apenas 2%.
A classificação da afirmação do pré-candidato, portanto, depende dos critérios utilizados e não é unânime entre especialistas. Como se pode chegar a conclusões diferentes por meio de critérios igualmente válidos, foi classificada como discutível.

“Quando o Lula toma posse a taxa de câmbio a valor de hoje estava a R$ 9,20. E o Lula entrega pra Dilma a valor constante com taxa de câmbio de R$ 1,75. Ou seja, na constância do governo Lula o povo aumentou em 4 vezes a capacidade de consumir.”
Por mais que a taxa de câmbio entre o real e o dólar tenha diminuído de janeiro de 2003, quando Luiz Inácio Lula da Silva (PT) tomou posse, até janeiro de 2011, quando Dilma Rousseff (PT) ocupava a Presidência, os valores citados pelo presidenciável estão ligeiramente inflados. Além disso, em sua palestra na Sorbonne, em 28 de março, Ciro dá a entender que essa flutuação resulta em um aumento direto na capacidade de consumir, o que não é necessariamente verdade. O professor Paulo Feldmann, da Faculdade de Economia e Administração da Universidade de São Paulo (FEA-USP), explica que não é possível dizer que a taxa de câmbio aumenta o poder de compra. “É uma questão muito importante e polêmica entre os economistas. Não é tão simples assim.” Por isso, a afirmação foi classificada como exagerada.
Segundo dados do Banco Central, no dia 2 de janeiro de 2003 (primeira cotação do ano), a taxa de câmbio era de R$ 3,52/dólar. Corrigido pela inflação (IPCA) de março de 2018, o valor seria de R$ 8,54 –menor que os R$ 9,20 citados pelo presidenciável. Oito anos depois, em 3 de janeiro de 2011, primeira cotação com Dilma no governo, a taxa de câmbio havia diminuído para R$ 1,65 /dólar, valor próximo ao citado pelo pré-candidato. Hoje, o valor corresponderia a R$ 2,55.
Ainda que a taxa de câmbio tenha diminuído 3,3 vezes, corrigindo-se os valores pela inflação, isso não se reflete imediatamente no consumo da população. É possível perceber isso ao analisar o crescimento do Produto Interno Bruto em paridade do poder de compra de 2003 a 2011. Segundo levantamento do Banco Mundial, o PIB per capita em paridade do poder de compra brasileiro aumentou 64% nesse período – foi de US$ 9.690,58 para US$ 14.973,01. Portanto, houve acréscimo no poder de compra de 1,5 vezes, não de 4 vezes como aponta o pré-candidato.
Outras variáveis ainda podem explicar essa alteração no poder de compra, não necessariamente relacionados à taxa de câmbio. Feldmann cita a criação do Bolsa Família e o aumento do salário mínimo durante o governo Lula como os principais fatores.
Além disso, para muitos economistas uma baixa taxa de câmbio pode inclusive diminuir o poder de compra. “A taxa de câmbio baixa, como está hoje, dificulta a exportação porque deixa o real muito alto, e incentiva a importação. Assim, no Brasil nós não geramos emprego como poderíamos gerar, pois importamos produtos que poderiam ser produzidos no território nacional”, explica o professor.

“O governo federal faz uma intervenção no Rio, mas constrangeu o Rio de Janeiro, num acordo recente pelo colapso fiscal, a não repor policiais aposentados. Está proibido de fazer concurso no Rio.”
É verdade que a União e o governo do Rio de Janeiro firmaram um acordo em resposta à situação financeira do estado. Porém, ao contrário do que Ciro afirmou, em palestra na Sorbonne, o contrato não proíbe o Rio de repor policiais aposentados nem de realizar concursos. Na realidade, a contratação nesses casos é uma das únicas permitidas.
O Termo de Compromisso foi assinado no dia 5 de setembro de 2017 pelo presidente Michel Temer (MDB) e pelo governador Luiz Fernando Pezão (MDB). Sua cláusula 6ª determina que o estado se comprometa em “IV – não admitir ou contratar pessoal, a qualquer título, ressalvadas as exceções previstas no art. 22, IV, da Lei Complementar nº 101/2000 e as reposições de cargos de chefia e de direção que não acarretem aumento de despesa e aquelas decorrentes de vacâncias de cargos efetivos ou vitalícios das carreiras típicas de estado; V – não realizar concurso público, exceto para as reposições previstas no item IV desta cláusula”.
As exceções estão citadas na Lei Complementar nº 101/2000 que regulamenta a gestão fiscal dos estados pela União. O artigo 22, inciso IV, prevê a vedação de “provimento de cargo público, admissão ou contratação de pessoal a qualquer título, ressalvada a reposição decorrente de aposentadoria ou falecimento de servidores das áreas de educação, saúde e segurança”.
Policiais, civis ou militares, são servidores públicos da área de segurança. Assim, a reposição por aposentadoria deles está mantida, sendo permitida a realização de concurso para as vagas. Portanto, a fala do pré-candidato foi considerada falsa.

“O Brasil tem a mais perversa distribuição de renda de todas as sociedades organizadas que eu me dei a observar. Olha o número: cinco pessoas têm fortuna equivalente a 100 milhões de nacionais, que vem a ser a metade da nossa população.”

Para avaliar o nível de desigualdade social de um país, economistas utilizam principalmente índices que comparam a concentração de renda e a concentração de patrimônio nas populações selecionadas. Em sua afirmação durante palestra na Sorbonne, Ciro Gomes explora os dois dados, afirmando que a distribuição de renda no Brasil é a mais perversa “de todas as sociedades organizadas” que ele observou e também que, no país, cinco pessoas detêm uma fortuna equivalente à de 100 milhões de brasileiros.
O Truco checou as informações em relatórios e pesquisas sobre desigualdade social e concluiu que a afirmação é verdadeira. A concentração de renda no Brasil é a maior do mundo no recorte que analisa a renda do grupo que compõe o 1% da população mais rico. Já em relação à concentração de riquezas, de acordo com um estudo da Oxfam publicado em janeiro de 2018, cinco bilionários concentram patrimônio equivalente ao da metade mais pobre da população brasileira, o que corresponde a aproximadamente 100 milhões de pessoas, como afirma Ciro Gomes.
O dado está no estudo “Recompensem o trabalho, não a riqueza”. A pesquisa é da Oxfam, confederação de ONGs que atua em 94 países e faz estudos sobre concentração de riqueza e desigualdade social. O levantamento foi feito com base em dados do Global Wealth Databook 2017, compilado anualmente pelo banco Credit Suisse.
De acordo com o relatório, cinco brasileiros possuem a mesma riqueza que a soma do que possui a metade mais pobre da população, mais de 100 milhões de pessoas. Trata-se do patrimônio acumulado pelos cinco bilionários mais ricos do Brasil: Jorge Paulo Lemann, Joseph Safra, Marcel Herrmann Telles, Carlos Alberto Sicupira e Eduardo Saverin. O resumo do estudo, preparado pela Oxfam Brasil, extrai trechos do estudo e destaca os dados relacionados ao país.
Há outros documentos que desenham um panorama da concentração de riquezas no Brasil e no mundo. Publicada em dezembro de 2017, a Pesquisa Desigualdade Mundial 2018, coordenada pelo economista francês Thomas Piketty, avalia quais países têm maior concentração de renda nas parcelas mais ricas de sua população. De acordo com o estudo, em 2015, último ano analisado, o líder em uma das categorias era mesmo o Brasil. Aqui, o 1% mais rico detinha 27,8% da renda do país naquele ano, índice mais alto dentre todos os países pesquisados. Os dados estão disponíveis no banco de dados World Inequality Database (WID), que monitora a evolução da concentração de renda no mundo nos últimos anos. No entanto, a pesquisa destaca que a análise da renda concentrada no 1% mais rico não é a única possível.
No recorte que compara os 10% mais ricos em relação ao resto da população, o Brasil não está em primeiro lugar. O país fica atrás da África do Sul, onde o grupo mais rico concentra 65% da renda nacional. O Brasil, com 55,6%, também fica ligeiramente atrás de alguns países do Oriente Médio, como o Líbano, com 57,1%, e dos Emirados Árabes Unidos, com 56% de concentração de renda nos 10% mais ricos.
Apesar disso, a pesquisa destaca que os dados desses países muitas vezes não são tão recentes quanto o apurado para o Brasil, tanto para o recorte do 1% mais rico quanto para a análise dos 10% mais ricos. Os dados para África do Sul, Líbano e Emirados Árabes são de 2012, 2014 e 2009, respectivamente. O número apurado para o Brasil é relativo a 2015. A pesquisa não contempla todos os países do mundo: diversas nações africanas, onde a desigualdade é considerada alta, ficam de fora do estudo comandado por Piketty devido a dificuldades metodológicas.
O banco de dados World Inequality Database (WID) também reúne estatísticas sobre concentração de patrimônio, mas, neste parâmetro, não há dados do Brasil ou outros países em desenvolvimento.
Atualização (17/04, às 17 horas): Alterado o limite máximo da DRU citado no texto, de 20% para 30%. A mudança ocorreu com a Emenda Constitucional nº 93/2016. Ciro também afirmou que o déficit sem a DRU foi de R$ 180 bilhões.
Atualização 2 (17/04, às 18h50): O selo da frase em que Ciro Gomes afirma que cinco pessoas têm fortuna equivalente à de 100 milhões de brasileiros foi alterado de Exagerado para Verdadeiro. A checagem tinha se baseado em um estudo de setembro de 2017, mas a Oxfam fez uma análise mais recente, com outra metodologia, divulgada em janeiro, que chega a essa conclusão.","Ethel Rudnitzki, Maurício Moraes, Patrícia Figueiredo",https://api.apify.com/v2/key-value-stores/YscJf8win8AXDLj4R/records/truco-ao-falar-do-brasil-ciro-gomes-usa-dados-falsos-e-exagerados.jpg,2018-04-17 15:41:45,2018-04-17 19:00:43,2018-04-17T15:41:45+00:00,2018-04-17T19:00:43+00:00,checagem|Ciro Gomes|desigualdade|economia|fact-checking|PDT|previdência social|Rio de Janeiro|segurança|Truco,A Públicca,2
"Em guerra dos ônibus de SP, MPL e Prefeitura usam dados errados",https://apublica.org/2018/04/truco-em-guerra-dos-onibus-de-sp-mpl-e-prefeitura-usam-dados-errados/,"SPTrans exagerou ao acusar levantamento do Passe Livre de ser ‘fake news’, mas há problemas em planilha; lista oficial também falha ao mostrar novo sistema","Cesar Ogata/SecomNova licitação vai modificar o sistema de ônibus na cidade, com alteração de trajetos e exclusão de linhas
“A lista de linhas [de ônibus] elaborada pelo Movimento Passe Livre, que circula nas redes, é falsa (fake news) e tenta, em um ano eleitoral, confundir e desinformar.” ­– Post publicado no Facebook pela São Paulo Transporte (SPTrans), empresa que gerencia o transporte público em São Paulo, em 2 de março.
O Movimento Passe Livre (MPL) mobilizou as redes sociais ao publicar uma planilha com as mudanças propostas pela Prefeitura para o sistema de ônibus de São Paulo. O post, que foi ao ar no dia 27 de fevereiro, trouxe um panorama de como ficariam as linhas após a licitação que vai alterar todo o funcionamento desse transporte na cidade. A versão final do edital estava prevista para 14 de abril. Na relação produzida pelo MPL foram apontadas as linhas que serão mantidas, extintas ou encurtadas. O trabalho chegou a ter 4,5 mil curtidas e utilizou como base os documentos do anexo III do edital da concessão, que ficou sob consulta pública de 21 de dezembro a 5 de março.
Diante da reação negativa nas redes sociais às mudanças, a São Paulo Transporte (SPTrans), responsável pelo gerenciamento do sistema de ônibus na capital paulista, publicou no dia 2 de março um post classificando a tabela do MPL como “fake news”. O órgão também produziu uma planilha que traria os dados corretos, com o título “Subsídios – Detalhamento da proposta das novas linhas”, divulgada tanto na página da consulta pública como em seu site. Nela constam as linhas do sistema atual e as opções de deslocamento sugeridas após as mudanças.
O Truco ­– projeto de fact-checking da Agência Pública – analisou a planilha do MPL e classificou a afirmação da SPTrans como exagerada, uma vez que a lista foi feita a partir de dados oficiais. Foram encontrados, no entanto, 76 erros e inconsistências, que dificultam o entendimento do que vai ocorrer com várias das linhas. Criada para corrigir as informações, a planilha da SPTrans também apresenta pelo menos 85 falhas e não mostra de modo preciso como ficará o sistema após a licitação. O único modo de saber se os trajetos foram mantidos, alterados ou extintos é conferir o percurso de cada linha no mapa da cidade. Por conta desses problemas, as duas planilhas não são fontes confiáveis para conhecer todas as mudanças.
A origem dos dados
Para produzir a planilha que viralizou nas redes sociais, o MPL comparou duas listas disponíveis no anexo III do edital da licitação. A primeira trazia números e nomes das linhas atuais de ônibus, enquanto a outra exibia os dados das novas linhas e também indicava a sua correspondência para as antigas. “As fontes são os próprios arquivos da SPTrans, juntando o disponível no anexo III de cada um dos três grupos propostos na licitação e o atual”, afirmou a organização por meio do Messenger, no Facebook, ao ser questionada sobre as fontes usadas. Depois, foi feita uma comparação entre a rede atual e a rede proposta, usando a numeração e o nome das linhas, para classificar cada uma delas como “mantida”, “cortada” ou “extinta”. “Não consideramos mudanças de trajetos que mantivessem o mesmo número e nomes, mas sinalizamos que isso poderia ter acontecido mesmo com as aparentemente ‘mantidas’.” O resultado foi divulgado em um álbum de fotos na página do MPL no Facebook, com o título “A licitação das catracas – Comparação das linhas propostas”.
O Truco procurou também a SPTrans para que explicasse por que acusou o trabalho de ser uma notícia falsa. Em nota, o órgão disse que a proposta com as novas linhas pôde ser consultada por 75 dias no site do edital, inclusive com mapas. “Além disso, também está disponível um resumo das linhas no site www.sptrans.com.br/novarede”, informou. “Nenhum passageiro ficará sem ônibus. Trata-se de uma proposta que prevê alteração em apenas 25% das linhas e, mesmo que aprovadas, as mudanças não serão feitas da noite para o dia. Serão gradativas, partindo de seis meses até três anos. Qualquer lista que diga que uma linha será extinta, sem informar as alternativas propostas, é falsa e busca apenas confundir e desinformar a população.”
Os problemas da planilha do MPL
Para saber se a lista que o Movimento Passe Livre produziu é falsa, a reportagem fez a mesma comparação entre 1.162 números e linhas da rede atual com suas correspondentes na rede proposta, a partir dos dados disponíveis no edital de licitação. A planilha divulgada pela SPTrans serviu para resolver parte das dúvidas que surgiram nesse processo. Em alguns casos, a análise de itinerários antigos e novos a partir de dados oficiais foi feita com o auxílio de um mapa, usando o software de análise de dados Tableau.
Planilha do MPL classifica linhas como ‘mantidas’, ‘cortadas’ ou ‘extintas’, mas há uma série de erros
A análise comparativa apenas das listas mostra 76 divergências (6,5% em relação ao total) entre o trabalho do MPL e os dados oficiais, que incluem 14 tipos de problemas. Há linhas que não foram citadas e serão mantidas, como a 6455-21 Terminal Capelinha-Ibirapuera, ou que aparecem duplicadas, muitas vezes com dois nomes diferentes para o novo trajeto proposto – a 2626-10 Jardim Nazaré-Terminal Parque D. Pedro II está nesse grupo. Também existem linhas definidas pelo MPL como mantidas que terão o trajeto encurtado ou aumentado. Isso ocorrerá na 6012-10 Parque Independência-Santo Amaro, que vai ser rebatizada como Parque Independência-Jardim Ângela e perderá 21 quilômetros. Em outros casos, o número da linha foi registrado de modo errado (213E-08 em vez de 213E-10, por exemplo).
Também não é possível dizer com certeza que o resto da tabela do MPL está correto. Linhas foram classificadas como “mantidas” porque continuaram com o mesmo nome no sistema proposto, mas há chance de os trajetos terem sido modificados. A visualização de alguns desses percursos no mapa mostrou que houve alteração em algumas rotas. Isso ocorrerá com o trajeto do 573T-10 Terminal Sapopemba-Metrô Carrão, que na nova rede será alterado para passar pela Avenida Arquiteto Vilanova Artigas. Outro problema está nas linhas que foram classificadas como “extintas”. O que houve, em vários desses casos, foi uma fusão de duas ou três linhas. Foi o que houve com as linhas 1701-21 e 1701-22 Jova Rural-Metrô Tucuruvi, dadas como excluídas, mas que se juntaram com a 1701-10 Jova Rural-Metrô Carandiru e sofreram uma alteração parcial de trajeto.
Por conta da diversidade de problemas encontrados, não é possível ter segurança sobre o que vai acontecer em cada percurso de ônibus na capital com base na compilação feita pelo MPL. Há dados corretos em parte da tabela, mas a metodologia adotada na comparação dos dados entre o sistema atual e o que foi proposto pela SPTrans não permite saber se um trajeto foi “mantido”, “cortado” ou “extinto”.
O Passe Livre foi procurado e comunicado sobre os erros e divergências da planilha. A organização respondeu por meio de uma nota: “A proposta de estruturação do transporte da licitação é clara, com um foco no corte de linhas e maior distância entre centro e periferia, com necessidade de mais baldeações e sem ônibus entre bairros. Entendemos que pode haver divergências de análise, principalmente porque não tentamos cruzar possíveis alterações de trajeto e de frequência, algo que, independentemente do número ou nome, é o central para uma linha. Essa leitura é feita melhor no cotidiano, e qualquer mudança deveria ser proposta por quem está nos ônibus todos dias. Agradecemos as contribuições de todos que estão ajudando a desvendar a licitação e passar informações sobre as decisões políticas do estado e dos empresários de transporte que vão afetar diretamente a vida de toda a população.”
Ao saber que teve a afirmação classificada como exagerada, a SPTrans contestou o resultado da análise. “A SPTrans reafirma que as divulgações do Movimento Passe Livre mentiram e omitiram informações, escondendo da população a verdadeira proposta de melhoria na rede de ônibus da cidade e dizendo que 40% das linhas da cidade seriam cortadas ou extintas, o que também não é verdade”, respondeu, em nota. “A proposta prevê que apenas 25% das linhas sofram algum tipo de alteração, o que também não será feito da noite para o dia. As alterações de linhas sugeridas são ainda menores do que as previstas no edital publicado pela gestão anterior em 2015. Na época não houve manifestações contra, mesmo já se tratando de um edital definitivo.”
O órgão afirmou ainda que recebeu cerca de 7 mil manifestações durante o período de 75 dias da consulta pública e que está analisando todas as propostas. Isso pode resultar em ajustes na nova rede, que vão fazer parte do edital definitivo. “Qualquer lista que diga que uma linha será extinta, sem informar as alternativas propostas, é falsa e busca apenas confundir e desinformar a população”, disse a SPTrans. Durante a checagem da lista do MPL, no entanto, o Truco descobriu que a planilha criada pela Prefeitura também continha uma série de erros.
As falhas da planilha da SPTrans
A compilação feita pelo Movimento Passe Livre foi confrontada pelo Truco também com a planilha oficial da SPTrans, produzida como resposta ao post da organização. Logo alguns critérios adotados chamaram a atenção. Na lista da Prefeitura, nenhuma linha é classificada como excluída. Há apenas a classificação de “mantida” para a maior parte delas ou a sugestão de alternativas propostas para o deslocamento nos outros casos, sem informar se o trajeto foi alterado ou eliminado totalmente. Dentro das classificadas como “mantidas” há trajetos que mudaram de nome no novo sistema, o que indicava um possível erro.
ReproduçãoPlanilha da SPTrans traz linhas como ‘mantidas’ sem informar que trajeto mudou em 10% delas
Foram verificadas então as 851 linhas que receberam essa denominação de “mantidas”, comparando-se o trajeto da linha atual com o correspondente do novo sistema. A checagem encontrou pelo menos 85 erros (9,9% dentre as “mantidas” e 6,7% em relação ao total de 1.266 percursos listados). O número pode ser ainda maior, porque 26 trajetos do sistema atual não aparecem nos mapas do anexo III da proposta do edital e não foi possível analisá-los. As falhas dividem-se em três tipos diferentes, o que mostra que planilha da SPTrans também não é confiável.
Constatou-se que houve mudança grande na rota de algumas linhas, mesmo que o nome tenha continuado igual. Isso ocorreu, por exemplo, com a 6455-10 Terminal Capelinha-Largo de São Francisco, que continua com a mesma origem e o mesmo destino e teve cerca de 90% do percurso modificado. Também houve alteração parcial de um trecho de uma parte dos trajetos, o que obrigará as pessoas a fazerem um deslocamento representativo a pé para pegarem o ônibus. Isso está relacionado geralmente à fusão de duas ou mais linhas. A 546A-31 Jardim Apurá-Santo Amaro deixará de passar pela Avenida Emérico Richter para seguir pelas Ruas Antônio do Campo e Pontes de Morais. O terceiro problema está no encurtamento de parte das linhas, sem a indicação de como o trajeto original poderia ser concluído. Uma amostra disso é a 5164-41 Vila Guarani-Metrô Conceição, que perdeu 2,4 quilômetros.
ReproduçãoA linha 6455-10 Terminal Capelinha-Largo de São Francisco, listada como ‘mantida’, teve a maior parte do percurso modificado na nova rede
Ao ser questionada sobre a existência de pelo menos 85 erros na planilha oficial, a SPTrans enviou uma nota em que não faz qualquer referência a esses problemas: “A SPTrans informa que está trabalhando na análise das mais de oito mil manifestações recebidas no período de Consulta Pública. As manifestações que forem acolhidas serão incorporadas ao documento final do edital, que tem previsão de publicação para os próximos dias. Com isso, a tabela da rede de referência sofrerá alterações e será atualizada. É importante ressaltar que nenhum passageiro ficará sem ônibus. Trata-se de uma proposta que prevê alteração em apenas 25% das linhas e, mesmo que aprovadas, as mudanças serão realizadas de forma gradativa, partindo de seis meses, até três anos após a assinatura dos novos contratos. Qualquer alteração será amplamente divulgada aos passageiros, que podem continuar participando e fazendo sugestões a respeito do sistema de ônibus pelo e-mail comunidade@sptrans.com.br, mesmo após o término da Consulta Pública.”
 
Os problemas das planilhas
 
Linhas com erros de classificação na planilha do MPL
1701-10 Jova Rural-Carandiru
1703-10 Jd. Fontális-Shop. Center Norte
1756-10 Pedra Branca-Metrô Santana
175P-10 Metrô Santana-Ana Rosa
1764-10 Jd. Corisco-Metrô Santana
77H-21 Metrô Santana-Term. Pinheiros
1788-10 Jd. Fontális-Metrô Santana
2014-10 Jd. Pery Alto-Metrô Barra Funda
208M-10 Metrô Santana-Term. Pinheiros
213E-10 Edú Chaves-Metrô Belém
2463-10 Burgo Paulista-Term. Aricanduva
2582-10 Vl. Nova Curuçá-Term. Pq. D. Pedro II
2590-10 União de Vl. Nova-Pq. D. Pedro II
2626-10 Jd. Nazaré-Term. Pq. D. Pedro II
2710-10 Metrô Patriarca-Burgo Paulista
273J-10 Jd. Romano-Metrô Penha
273V-10 Parada XV de Novembro-Metrô Penha
2767-10 Cid. Pedro José Nunes-Metrô Tatuapé
3020-10 Cohab José Bonifácio-Shop. Aricanduva
3054-10 Jd. Palanque-Hosp. Sapopemba
314J-10 Pq. Sta. Madalena-Pça. Almeida Jr.
3712-51 Vl. Cosmopolita-Metrô Itaquera
373T-10 Jd. Itápolis-Metrô Bresser
3778-10 Jd. Sta. Terezinha-Metrô Carrão
3787-10 Cid. Tiradentes-Metrô Itaquera
3903-10 Jd. Vl. Nova-Penha
390E-10 Term. Penha-Term. Pq. D. Pedro II
407E-10 Jd. Sto. André-Metrô Carrão
425E-10 Jd. Ester-Term. Sapopemba
4310-10 E.T. Itaquera-Term. Pq. D. Pedro II
4725-10 Vl. Brasilina-Shop. Ibirapuera
502J-22 CPTM Autódromo-Vl. Joaniza
5164-21 Cid. Leonor-Pq. Ibirapuera
5317-10 Sesc/Orion-Pça. do Correio
5318-10 Chác. Santana-Pça. da Sé
6012-10 Pq. Independência-Sto. Amaro
6055-10 Jd. São Bernardo-Shop. Interlagos
6075-41 Jd. Almeida-Term. Varginha
6091-10: Vargem Grande-Term. Sto. Amaro
609F-10 Chác. Santana-Term. Princ. Isabel
609F-21 Chác. Santana-Anhangabaú
6418-10 Real Pq.-Brooklin Novo
6450-21 Term. Capelinha-Itaim Bibi
6451-21 Term. Capelinha-Pça. 14 Bis
6455-21 Term. Capelinha-Ibirapuera
648P-21 Term. Capelinha-Itaim Bibi
675G-22 Pq. Res. Cocaia-Col. Sta. Maria
675M-10 Centro Sesc-Metrô Jabaquara
6L03-10 Cipó do Meio-Term. Parelheiros
6L04-10 Jd. Oriental/Fontes-Term. Parelheiros
701U-10 Metrô Santana-Cid. Universitária
702C-10 Jd. Bonfiglioli-Metrô Belém
715M-10 Jd. Maria Luiza-Lgo. da Pólvora
715M-21 Jd. Maria Luiza-Metrô Butantã
7245-10 Term. Sto. Amaro-Hosp. das Clínicas
7267-10 Apiacás-Pça. Ramos de Azevedo
7282-10 Pq. Continental-Pça. Ramos de Azevedo
746P-10 Paraisópolis-Sto. Amaro
748R-10 Jd. João XXIII-Metrô Barra Funda
8021-10 Jd. Maria Luiza-Butantã
8025-10 Jd. Rosa Maria-Butantã
8043-10 Hab. Turística-Lapa
8073-10 Jd. Guaraú-Butantã
809A-10 Jd. d’Abril-Term. Pinheiros
809D-10 Cohab Educandário-Term. Pinheiros
809U-10 Cid. Universitária-Metrô Barra Funda
8199-10 Pirituba-Cem. Vl. Nova Cachoeirinha
8252-10 Metrô Barra Funda-Lapa
847P-10 Term. Pirituba-Itaim Bibi
8542-10 Brasilândia-Pça. do Correio
8545-10 Penteado-Metrô Barra Funda
857R-42 Est. Hebraica Rebouças-Ana Rosa
8686-10 Mangalot-Lgo. do Paissandu
9032-10 Jd. Damasceno-Term. Cachoeirinha
938C-10 Cohab Taipas-Term. Princ. Isabel
9653-10 Pedra Branca-Pça. do Correio
***
Linhas que aparecem erroneamente como mantidas na planilha da SPTrans
1017-10 Perus-Conexão Vl. Iório
1177-10 Term. A. E. Carvalho-Luz
139A-10 Vl. Iório-Lapa
1701-21 Jova Rural-Metrô Tucuruvi
1701-22 Jova Rural-Metrô Tucuruvi
1758-10 Jd. Antártica-Metrô Santana
1771-10 Jd. Fontális-Metrô Santana
189l-10 Conexão Vl. Iório-Lapa
2011-10 Vl. Sabrina-Metrô Santana
2014-10 Jd. Pery Alto-Metrô Barra Funda
208M-10 Metrô Santana-Term. Pinheiros
211L-10 Mandaqui-Lapa
2460-10 Cem. da Saudade-Term. A. E. Carvalho
2707-10 Chabilândia-Metrô Itaquera
2707-31 Chabilândia-Metrô Itaquera
2721-10 Jd. Nazaré-Metrô Itaquera
273R-42 Jd. Robru-Metrô Itaquera
2740-10 Pedra Branca-Metrô Santana
2762-10 Ermelino Matarazzo-Metrô Tatuapé
3021-10 Pq. Bancário-Vl. Prudente
3051-10 Ermelino Matarazzo-Term. A. E. Carvalho
3098-10 Jd. São Francisco-Shop. Aricanduva
311C-10 Pq. São Lucas-Bom Retiro
342C-10 Jd. Marília-Penha
3539-10 Cid. Tiradentes-Metrô Bresser
4014-10 Jd. Vl. Carrão-Term. Vl. Carrão
4028-10 Hosp. São Mateus-Div. de Mauá
4093-10 Cid. Tiradentes-Term. Cid. Tiradentes
4284-10 Vl. Califórnia-Vl. Prudente
4286-10 Vl. Industrial-Vl. Prudente
4718-10 Jd. Celeste-Metrô Sta. Cruz
4732-31 Vl. Liviero-Metrô Saúde
4742-10 Jd. Clímax-Metrô São Judas
475M-10 Jd. da Saúde-Term. Amaral Gurgel
476A-10 Ipiranga-Term. Sto. Amaro
477A-10 Sacomã-Term. Pinheiros
5164-41 Vl. Guarani-Metrô Conceição
5362-21 Grajaú-Pça. da Sé
546A-31 Jd. Apurá-Sto. Amaro
573T-10 Term. Sapopemba-Metrô Carrão
573T-21 Jd. Tietê-Term. Sapopemba
576M-10 Vl. Clara-Pinheiros
6013-10 Jd. Nakamura-Term. Sto. Amaro
6056-41 Vl. Natal-Term. Grajaú
6071-22 Jd. Primavera-Term. Sto. Amaro
6099-10 Divisa de Embu-Guaçu-Term. Grajaú
6338-10 Jd. Miriam-Pq. Ibirapuera
6412-21 Paraisópolis-Itaim Bibi
6418-10 Real Pq.-Brooklin Novo
6451-21 Term. Capelinha-Pça. 14 Bis
6455-10 Term. Capelinha-Lgo. São Francisco
648P-21 Term. Capelinha-Itaim Bibi
669A-10 Term. Sto. Amaro-Term. Princ. Isabel
6816-31 Jd. Mitsutani-Term. Capelinha
6820-31 Jd. das Rosas-Term. Capelinha
6825-10 Valo Velho-Term. Capelinha
6826-10 Jd. D. José-Term. Capelinha
695V-10 Term. Capelinha-Metrô Ana Rosa
7001-10 Vl. Gilda-Jd. Ângela
7011-31 Jd. Dos Reis-Jd. Ângela
702U-10 Cid. Universitária-Term. Pq. D. Pedro II
709M-10 Term. Sto. Amaro-Term. Pinheiros
7181-10 Cid. Universitária-Term. Princ. Isabel
7282-10 Pq. Continental-Pça. Ramos de Azevedo
745M-21 Campo Limpo-Pq. Figueira Grande
775F-31 Jd. Das Palmas-Pq. do Povo
8043-10 Hab. Turística-Lapa
807J-10 Term. Campo Limpo-Shop. Morumbi
807M-10 Term. Campo Limpo-Shop. Morumbi
809J-10 Jd. Colombo-Term. Pinheiros
809R-10 Rio Pequeno-Term. Pinheiros
817C-10 Lapa-Hosp. das Clínicas
8194-10 Perus-Term. Cachoeirinha
8252-10 Metrô Barra Funda-Lapa
8300-10 Term. Pirituba-Term. Lapa
8319-10 Pq. Continental-Sesc Pompéia
847P-10 Term. Pirituba-Itaim Bibi
857P-10 Term. Campo Limpo-Paraíso
8700-23 Pça. Ramos de Azevedo-Butantã
874T-10 Ipiranga-Lapa
875C-10 Term. Lapa-Metrô Sta. Cruz
9005-41 Jd. Vista Alegre-Term. Cachoeirinha
9166-10 Jd. Sta. Cruz-Term. Cachoeirinha
917H-10 Term. Pirituba-Metrô Vl. Mariana
9717-10 Jd. Almanara-Metrô Santana","Caroline Ferrari, Ethel Rudnitzki, Maurício Moraes, Patrícia Figueiredo",https://api.apify.com/v2/key-value-stores/YscJf8win8AXDLj4R/records/truco-em-guerra-dos-onibus-de-sp-mpl-e-prefeitura-usam-dados-errados.jpg,2018-04-12 12:01:57,2018-04-12 12:01:57,2018-04-12T12:01:57+00:00,2018-04-12T12:01:57+00:00,checagem|fact-checking|Prefeitura de São Paulo|São Paulo|transporte|Truco,A Públicca,2
Jogo gratuito transforma alunos de ensino médio em checadores,https://apublica.org/2018/04/truco-jogo-gratuito-transforma-alunos-de-ensino-medio-em-checadores/,Plano de aula foi traduzido por Agência Pública e Aos Fatos em comemoração ao Dia Internacional do Fact-Checking,"ReproduçãoPerguntas vêm com trechos de notícias que serão checadas
Os moradores do país fictício de Agritânia vivem um dilema. Em breve haverá um referendo que decidirá sobre a introdução de transgênicos no país. Uma equipe de checadores do jornal Agritânia Hoje precisa analisar fatos que circulam sobre esse polêmico assunto para embasar a produção de cinco editoriais, a serem estampados na primeira página no dia da votação. Trata-se, na verdade, do “Cheque Isso!”, um plano de aula, em formato de jogo de RPG, criado com o objetivo de ensinar alunos do ensino médio a fazer fact-checking.
Produzido pela organização Factcheckers.it para a International Fact-Checking Network (IFCN), o material foi traduzido para o português pelo Truco – projeto de checagem de fatos da Agência Pública – e pela plataforma Aos Fatos, em comemoração ao Dia Internacional do Fact-Checking, em 2 de abril. O público-alvo são estudantes de 15 anos ou mais, e o exercício tem duração prevista de duas horas. O plano de aula está disponível gratuitamente para download no site www.factcheckingday.com. Basta fazer um cadastro na página.
O material está dividido em três partes. O Guia do Professor traz as instruções para a aplicação em sala de aula, com as regras do jogo e o tempo previsto para cada etapa. Há também o Guia de Checagem de Fatos, uma compilação de ferramentas e dicas que deve ser distribuída para os alunos. Os jovens vão aprender, por exemplo, a verificar a confiabilidade de um site, a analisar se uma imagem ou um vídeo são verdadeiros ou a descobrir a reputação de um estudo científico.
A última parte é o material do jogo “Cheque Isso!”, composto por cinco conjuntos com 25 cartas no total. Cada um deles consiste em uma pergunta que traz cinco peças noticiosas para serem checadas, com informações verdadeiras, distorcidas e falsas. Cada conjunto, por sua vez, vem acompanhado de um painel com quatro títulos e parágrafos reproduzindo opiniões diferentes sobre essa questão. Depois que a análise das cartas de notícias for feita, os estudantes vão indicar o editorial que acham mais apropriado no painel. Se não concordarem com nenhuma das alternativas apresentadas, também podem criar seu próprio título e o texto. Os resultados são depois compartilhados por todos na sala de aula.
Os conjuntos de perguntas incluem também uma folha de informações para os professores, com explicações e links sobre as cartas de notícias, para auxiliar na avaliação das checagens produzidas pela turma. Se os alunos não tiverem nenhum tipo de conhecimento sobre fact-checking, é aconselhável fazer uma aula introdutória antes de partir para o exercício proposto no plano de aula. Todos os dados presentes no jogo foram conferidos até o dia 15 de março de 2018.
ReproduçãoAlgumas das cartas incluídas no plano de aula voltado para alunos do ensino médio",Maurício Moraes,https://api.apify.com/v2/key-value-stores/YscJf8win8AXDLj4R/records/truco-jogo-gratuito-transforma-alunos-de-ensino-medio-em-checadores.jpg,2018-04-02 21:26:36,2018-04-03 8:12:23,2018-04-02T21:26:36+00:00,2018-04-03T08:12:23+00:00,checagem|Dia Internacional do Fact-Checking|educação|fact-checking|Truco,A Públicca,2
"Em 8 frases, acertos e erros de Geraldo Alckmin",https://apublica.org/2018/03/truco-em-8-frases-acertos-e-erros-de-geraldo-alckmin/,"Presidenciável usa dados corretos sobre dois tipos de crime, estatais, dívida pública e crise hídrica, mas exagera gastos em habitação e cita informações falsas sobre aposentadorias e expectativa de vida","Alexandre Carvalho/A2imgO governador Geraldo Alckmin, em cerimônia de posse de policiais, em novembro de 2017
O governador de São Paulo, Geraldo Alckmin, foi anunciado no dia 20 de março como candidato do PSDB à Presidência. Normalmente avesso a longas entrevistas, o político passou a aparecer mais na imprensa nos últimos meses. Muitas das suas afirmações têm se concentrado em fazer um diagnóstico de alguns temas nacionais ou de destacar feitos do seu mandato. O Truco – projeto de fact-checking da Agência Pública – selecionou oito frases ditas por ele recentemente e detectou tanto dados corretos como informações exageradas ou falsas.

“No ano passado, reduzimos 12,8% o roubo de carro; 6% caiu o latrocínio.” 

Durante entrevista para a Folha de S.Paulo em 19 de março, o governador de São Paulo, Geraldo Alckmin (PSDB), afirmou que em 2017 houve redução na taxa de crimes patrimoniais e ocorrências letais. A afirmação é verdadeira. Os porcentuais citados estão próximos da redução que houve para os dois crimes (13,1% e 5,1%, respectivamente). Outros indicadores de criminalidade, contudo, tiveram aumento, como estupro, roubo de carga e lesão corporal seguida de morte.
Em 2017, segundo os dados estatísticos da Secretaria de Segurança Pública de São Paulo, o estado registrou 67.760 roubos de veículos. Já no ano anterior foram registradas 77.949 ocorrências. Com isso, houve diminuição de 13,1% nesse tipo de delito. No caso dos latrocínios, que compõem os chamados crimes violentos letais e intencionais, houve uma redução de 5,11% entre 2016 e 2017.
A incidência de outros crimes, contudo, subiu no mesmo período. As ocorrências de estupro, por exemplo, aumentaram 10% entre 2016 e 2017. Segundo as estatísticas da secretaria, os roubos de carga aumentaram 45% desde 2010 e, entre 2016 e 2017, cresceram 6%. No ano passado, a quantidade de casos de lesão corporal seguida de morte aumentou 325%.

“São Paulo é o único estado brasileiro que põe 1% do ICMS para habitação.” 
O governador já repetiu diversas vezes a afirmação de que o estado de São Paulo destina 1% do Imposto sobre Circulação de Mercadorias e Serviços (ICMS) para habitação – uma delas na entrevista que deu para a Folha. Uma consulta aos dados disponíveis no portal da Secretaria de Estado da Fazenda indica que, em 2015 e em 2016, o porcentual foi de 0,89% e de 0,84%, respectivamente. Em outros anos a parcela chegou a superar 1%. Como a destinação dos recursos é decidida anualmente a partir do Orçamento e em duas ocasiões isso não foi cumprido, a frase de Alckmin foi classificada como exagerada.
A ideia de transferir 1% do ICMS para habitação surgiu com a Lei nº 6.556, sancionada em 1989 pelo então governador Orestes Quércia (PMDB). Para que isso fosse possível, a alíquota foi aumentada de 17% para 18%. A norma foi renovada posteriormente várias vezes por outros governadores, mas acabou sendo considerada inconstitucional pelo Supremo Tribunal Federal (STF). Isso ocorreu porque, de acordo com a Constituição, nenhum imposto pode ter parte da sua receita vinculada a uma despesa específica. Com isso, a aplicação de 1% em habitação depende, a cada ano, do que ficou definido no Orçamento e da execução do que foi programado.
Os números de recursos empenhados em habitação – ou seja, que foram reservados para essa finalidade – podem ser consultados na categoria Despesas de Capital na área de buscas de despesas do portal da Secretaria da Fazenda. Já a arrecadação do ICMS está nos Relatórios Resumidos de Execução Orçamentária, dentro da opção 6º Bimestre e em Demonstrativo da Receita Corrente Líquida. O Truco reuniu os dados para os dois mandatos de Alckmin. Nem tudo o que está em Despesas de Capital foi usado em programas habitacionais – como estava previsto na lei original de 1989 –, mas a Secretaria da Fazenda não indicou quais valores deveriam ser desconsiderados. Ainda assim, Alckmin investiu menos de 1% do ICMS em habitação em 2015 e 2016.

A assessoria de imprensa do governador contestou o resultado da checagem: “A análise da reportagem é incompleta. Ao centrar sua consulta nos dois piores anos da maior crise econômica da história do país, a reportagem ignora os repasses acima desse percentual de 1% realizados em anos anteriores. Considerando os últimos 12 anos (2006-2017), a média de repasses do ICMS aos programas habitacionais é de 1,09% do total arrecadado.”

“O Brasil tem déficit primário. Imagina você dever R$ 3,5 trilhões. Não paga juros, não paga correção monetária, e gasta todo ano R$ 120 bilhões a mais.” 
Ao defender reformas que restringem os gastos do governo federal no programa Canal Livre, da Band, em 26 de fevereiro, Alckmin destacou números que mostrariam o tamanho do rombo nas contas públicas do país. Ele afirma que o valor da dívida pública do governo federal corresponde a R$ 3,5 trilhões e que o Brasil gasta todo ano R$ 120 bilhões além do que arrecada. De acordo com os dados oficiais, a afirmação está correta.
O valor de R$ 3,5 trilhões corresponde ao estoque total da Dívida Pública Federal. O número, calculado pelo Tesouro Nacional, representa o valor total dos títulos da dívida pública emitidos pelo Tesouro que ainda não venceram. Em janeiro de 2018, o estoque foi de R$ 3,528 trilhões, o que representa uma queda de 0,87% em relação a dezembro de 2017, como mostra o último Relatório Mensal da Dívida Pública Federal.
O prazo que o governo tem para pagar os detentores de títulos da dívida pública varia bastante. Apenas 17,9% do total teria vencimento em menos de 12 meses, 14,2% vencem em um prazo de um a dois anos e 43,9% dentro de dois a cinco anos, de acordo com o relatório de janeiro de 2017. Os vencimentos além de cinco anos correspondem a 24% da dívida. O prazo médio ficou em 4,32 anos no último balanço.
Alckmin também acerta o valor do gasto excedente do governo, ou seja, do déficit primário, que representa os gastos que superam as receitas federais. O número é calculado pelo governo central, que reúne Tesouro Nacional, Previdência Social e Banco Central. Em 2017 o déficit ficou em R$ 124,401 bilhões. O valor foi ainda maior em 2016: naquele ano, o rombo foi de R$ 159,473 bilhões.

“Nós temos quase 150 empresas estatais.”
Geraldo Alckmin usou um dado verdadeiro ao dizer que o governo federal possui quase 150 empresas estatais na entrevista ao Canal Livre. Segundo as informações do “Boletim das Empresas Estatais Federais” do Ministério do Planejamento, Desenvolvimento e Gestão, o país possui 149 empresas estatais federais.
Dessas, 101 são de controle acionário direto, ou seja, estatais cuja maioria do capital social com direito a voto pertence diretamente à União. Essas empresas podem ser classificadas de duas formas: “públicas”, onde a maioria do capital votante pertence à União e cujo capital social é constituído de recursos provenientes exclusivamente do setor público; ou como “sociedades mistas”, nas quais a maioria das ações com direito a voto também pertencem à União, mas há participação do setor privado. Já 48 estatais são controladas indiretamente.
De todas as empresas estatais federais, 18 são dependentes – recebem do ente controlador recursos financeiros para pagamento de despesas com pessoal – e 30 estatais não dependem do repasse de verba para pagamentos de despesas.
O governo federal controla as 149 empresas estatais, sendo 101 delas subsidiárias de outra estatal federal. Essas 101 empresas subsidiárias são controladas diretamente por apenas seis conglomerados estatais – conjuntos de empresas governamentais que são formados por uma sociedade de economia mista e suas respectivas subsidiárias – e representam 95% dos ativos totais e do patrimônio líquido das estatais federais. São elas: Petrobrás, com 41 subsidiárias; Eletrobras, com 38; Banco do Brasil, que possui 16; BNDES, com três; Caixa, com duas; e Correios, com uma.

“2016, que é o último ano que você tem dados: a média de aposentadorias e pensões do INSS é R$ 1.191. Média de aposentadorias e pensões do Poder Executivo federal: R$ 8 mil. Média do Poder Judiciário – não é do juiz, é do Poder Judiciário: R$ 16 mil. Média do Congresso Nacional: R$ 24 mil.” 
Embora a reforma da Previdência tenha sido deixada de lado pelo governo federal, o tema continua a provocar grande discussão sob o argumento de afetar negativamente as contas públicas. Na entrevista para o Canal Livre, da Band, Alckmin citou o que seriam valores médios de aposentadorias para os setores privado e público – numa tentativa de mostrar altos salários para algumas categorias específicas. O Truco pesquisou os dados oficiais e concluiu que o presidenciável usou números errados na sua fala.
A média das aposentadorias do setor privado no Regime Geral da Previdência Social (RGPS), administrado pelo Instituto Nacional do Seguro Social (INSS), era de R$ 1.521,28 em dezembro de 2017. O dado, que é o mais recente disponível, está em uma tabela na página 9 do Boletim Estatístico da Previdência Social – Volume 22, número 12. O valor supera em R$ 330,28 a quantia que foi citada por Alckmin. Se consideradas também as pensões e outros benefícios do RGPS, a média diminui para R$ 1.354,63 – ainda assim R$ 163,63 acima do número usado pelo governador.
As informações mais recentes sobre o Executivo, Legislativo e o Judiciário estão no Boletim Estatístico de Pessoal e Informações Organizacionais número 249, de janeiro de 2017, elaborado pelo Ministério do Planejamento, Desenvolvimento e Gestão. O documento era divulgado mensalmente, mas isso deixou de ocorrer em fevereiro de 2017. De acordo com a tabela 1.14, na página 42, a média para os servidores aposentados do Executivo ficava em R$ 7.716 ­– ou seja, R$ 284 abaixo dos R$ 8 mil mencionados por Alckmin. No Judiciário, a média foi de R$ 22.336 ­– bem acima de R$ 16 mil – e, no Legislativo, ficou em R$ 28.882 – também superior aos R$ 24 mil que o presidenciável citou.
A tabela traz ainda alguns dados que não foram listados por Alckmin. A média de pagamento para aposentados e reservistas entre os militares – que não estão na reforma da Previdência proposta pelo presidente Michel Temer (MDB) ­– é de R$ 9.693. Já para o Ministério Público da União o valor fica em R$ 19.128.

“Teve um aumento extraordinário de expectativa de vida dos homens em São Paulo. Não é que as mulheres estão morrendo mais, não. Elas também estão vivendo, aliás, vivem mais que os homens, mas diminuiu a diferença, porque caiu o assassinato.”
Alckmin destacou ainda o aumento na expectativa de vida da população masculina de São Paulo durante a entrevista para o Canal Livre. Segundo ele, este crescimento é extraordinário e se deve à queda na taxa de homicídios no estado. No entanto, os dados mostram que o incremento na esperança de vida dos homens em São Paulo cresce em ritmo muito similar ao de outros estados do país, e não de modo extraordinário. Além disso, há estados com expectativa de vida masculina superior aos de São Paulo e que possuem indicadores criminais menos favoráveis. A afirmação do presidenciável é falsa.
A expectativa de vida do brasileiro é calculada anualmente pelo Instituto Brasileiro de Geografia e Estatística (IBGE) no documento Tábuas Completas de Mortalidade. O número reflete eventuais mudanças sociais e econômicas em cada unidade da federação e traça uma estimativa da expectativa de vida de uma pessoa nascida em cada estado no ano apurado.
De acordo com esse estudo, o estado de São Paulo teve a segunda melhor taxa de esperança de vida masculina no país em 2016. A expectativa para os homens nascidos no estado foi de 74,94 anos. São Paulo fica atrás apenas de Santa Catarina, onde o índice foi 75,77 anos. Em terceiro lugar está o Distrito Federal, com 74,41 anos, seguido de Minas Gerais, com 74,35 anos.
O crescimento na expectativa de vida da população masculina se mantém constante nesses locais, crescendo em ritmo similar. Em São Paulo, no período entre 2009 e 2016, a esperança de vida masculina cresceu apenas 3,8%. No entanto, nem todos os quatro estados líderes em expectativa de vida masculina apresentaram indicadores de homicídio em queda nos últimos anos. Minas Gerais, por exemplo, registrou acentuada alta na taxa de homicídio a cada 100 mil habitantes no período entre 2010 a 2012, segundo dados do Atlas da Violência do Instituto de Pesquisa Econômica Aplicada (Ipea), enquanto a expectativa de vida continuou se elevando.
Para o IBGE, desde a década de 1980 é possível verificar uma relação clara entre as taxas de homicídio, que na época estavam em alta especialmente nos grandes centros urbanos, e a expectativa de vida da população masculina. “A partir de meados dos anos 1980, as mortes associadas às causas externas ou não naturais, que incluem os homicídios, suicídios, acidentes de trânsito, afogamentos, quedas acidentais etc., passaram a desempenhar um papel de destaque, de forma negativa, sobre a estrutura por idade das taxas de mortalidade, particularmente dos adultos jovens do sexo masculino”, explica o instituto no documento Breve análise da evolução da mortalidade no Brasil, relativo ao ano de 2016.
No entanto, a influência não causou queda na expectativa de vida do brasileiro. “A expectativa de vida masculina no Brasil continuou elevando-se, mas poderia, na atualidade, ser superior à estimada, se não fosse o efeito das mortes prematuras de jovens por causas não naturais”, informa o documento.
Segundo o demógrafo Fernando Albuquerque, do IBGE, a relação entre esses dois indicadores existe, mas a redução ou o crescimento na taxa de homicídios é apenas um dos aspectos que podem afetar a esperança de vida. “Essas alterações afetam apenas, em pequena escala, a população masculina, mas todos os grupos têm diminuído as taxas de mortalidade. A população do Brasil vem envelhecendo em função da diminuição da mortalidade em todas as idades. As pessoas estão cada vez mais chegando nas idades mais avançadas”, explica.
Para analisar a relação entre expectativa de vida e homicídios o Truco reuniu os dados dos quatro estados com os melhores indicadores de expectativa de vida masculina no Brasil em 2016. Foi apurada, em cada estado, a esperança de vida para homens, calculada pelo IBGE, e a taxa de homicídios a cada 100 mil habitantes para homens, de acordo com os números do Atlas da Violência. Os dados foram coletados para o período até 2016, último ano apurado pelo Ipea.








Os gráficos mostram que a expectativa da população masculina está evoluindo em ritmo similar em todos os estados analisados. No entanto, a taxa de homicídios variou com maior intensidade no mesmo período. Essa discrepância reforça a avaliação de que a queda nos índices de homicídio é apenas um dos fatores que contribuem para a elevação da expectativa de vida. Há estados em que a taxa de homicídio na população masculina registrou alta em alguns períodos, mas a expectativa de vida dos homens continuou subindo, mantendo a tendência verificada em outros estados. Por isso, a frase é classificada como falsa, já que o aumento que ocorreu em São Paulo não foi extraordinário e tampouco pode ser creditado exclusivamente à queda no índice de homicídios.
Procurada pelo Truco no início da apuração, a assessoria de imprensa do governo estadual inicialmente atribuiu a informação à Fundação Sistema Estadual de Análise de Dados (Seade). A Seade possui dados da expectativa de vida masculina para o período de 2009 a 2016. No entanto, a reportagem optou por usar os dados do IBGE, porque o Seade tem estatísticas apenas para o estado de São Paulo, o que impossibilita as comparações feitas.
Ao ser comunicada sobre o resultado da checagem, a assessoria alegou que o período abordado pelo governador é outro. “Quanto à expectativa de vida, os dados utilizados pelo governador referem-se ao período de 2000 a 2015. Nesses 15 anos, a expectativa de vida dos homens aumentou em 7,47 anos (de 67,13 para 74,6), enquanto a esperança de vida das mulheres cresceu 4,85 anos (de 76,05 para 80,9).”

“A maior seca do século passado tinha sido em 1953. Em 2014 choveu a metade de 53 e tivemos uma grande seca.”
Ao falar no Fórum Mundial das Águas, em 20 de março, sobre a crise hídrica e suas consequências no Sistema Cantareira – um dos principais conjuntos de represas que abastecem a capital paulista e outras cidades da região –, Geraldo Alckmin disse que a quantidade de chuvas em 2014 foi a menor desde 1953. Também destacou que naquele ano tinha ocorrido a maior seca desde o recorde registrado no século passado. O relatório “Dados de referência acerca da outorga do Sistema Cantareira”, elaborado pela Agência Nacional de Águas (ANA) e pelo Departamento de Águas e Energia Elétrica (Daee) de São Paulo, traz na página 105 os números de afluência, indicador da quantidade de água que entrou no sistema. A quantidade foi a mais baixa registrada e, por isso, a afirmação está correta.
A vazão média mensal afluente para os quatro reservatórios do Sistema Cantareira (Jaguari-Jacareí, Cachoeira, Atibainha e Paiva Castro) foi de 24,6 metros cúbicos por segundo em 1953, segundo a série histórica iniciada em 1930. Não houve índice inferior a esse até 2014, quando os números chegaram a 11,3 mil litros por segundo. Em 2015 a situação continuou crítica. O sistema recebeu apenas 22,7 mil litros por segundo, quantidade também menor do que a de 1953.
Tanto os dados de chuvas registrados na Estação Mirante de Santana do Instituto Nacional de Meteorologia (Inmet) como os da Estação Meteorológica do Instituto de Astronomia, Geofísica e Ciências Atmosféricas da Universidade de São Paulo (IAG-USP) indicam que houve outros períodos de seca desde o século passado, como em 1971 e 2001. Ainda assim, essas medições são localizadas e distantes dos reservatórios e, por isso, não são suficientes para mostrar como o Sistema Cantareira foi afetado.
A ocorrência da seca e o fato de ter entrado menos água nas represas, no entanto, não explica a crise hídrica. No artigo “A seca e a crise hídrica de 2014-2015 em São Paulo”, assinado por oito pesquisadores e publicado na Revista da USP, o problema é atribuído a um conjunto de fatores, que incluem o crescimento da demanda de água, a má gestão dos recursos hídricos e a falta de conscientização dos consumidores. “Os problemas no abastecimento de água enfrentados por São Paulo não resultam apenas das condições climáticas anormais, mas também da falta de eficiência no gerenciamento do abastecimento do sistema paulista, incluindo a existência de vazamentos nas tubulações, que precisam ser consertados”, afirma o texto.

“Conseguimos uma economia [no consumo de água] de 15% praticamente, que se manteve depois de passada a crise, com essa redução de consumo e uso racional da água” 
Iniciada em 2013, a crise hídrica que atingiu em cheio a capital e suas cidades vizinhas chegou a seu momento mais crítico em 2014. Ao abordar o tema no Fórum Mundial das Águas, Alckmin disse que a economia de água que teve início em fevereiro de 2014, quando foram lançadas políticas de redução de tarifas para domicílios que reduzissem o consumo de água, se manteve após a crise. O Truco verificou os dados de consumo médio por habitante na Grande São Paulo, apurados pela Companhia de Saneamento Básico do Estado de São Paulo (Sabesp), e verificou que a afirmação é verdadeira. A economia no consumo foi até superior à indicada pelo governador na entrevista.
Em 2013, antes de iniciadas as políticas e campanhas publicitárias de economia de água, a média de consumo de água foi de 169 litros por habitante por dia na Região Metropolitana de São Paulo. Em 2014 esse indicador caiu para 126 litros. Em 2015 o número caiu ainda mais: foi para 120 litros por pessoa por dia e, em 2016, voltou a subir para 129 litros. Apesar da alta no último ano apurado, o número continua abaixo do verificado em 2013, antes da crise hídrica. A queda no consumo entre 2013 e 2016 foi de 23%, economia superior aos 15% indicados por Geraldo Alckmin na frase checada. Os dados estão disponíveis no Relatório de Sustentabilidade da Sabesp.
Ainda que o relatório de 2017 ainda não tenha sido publicado, o que deve ocorrer apenas em abril, os dados da Sabesp mostram que o consumo em 2017 se manteve em 129 litros por pessoa por dia na região metropolitana.
O programa de bônus e a tarifa de contingência, iniciativas implementadas pela Sabesp diante da crise, continuaram em vigor ao longo de quatro meses do ano de 2016. O bônus na conta de água para a população da Grande São Paulo foi autorizado pela Agência Reguladora de Saneamento e Energia do Estado de São Paulo (Arsesp) em janeiro de 2014, mas as primeiras contas com desconto começaram a chegar aos usuários a partir de 9 de fevereiro. De acordo com a assessoria de imprensa da Sabesp, a adesão da população chegou a quase 80% ao longo da vigência da iniciativa. O encerramento do programa de bônus e da tarifa de contingência aconteceu em abril de 2016.
Atualização (29/12, às 16h): Na terceira checagem, sobre a dívida pública do governo federal, houve uma confusão a respeito do que compõe a Dívida Pública Federal no trecho “A maior parte dessa dívida está em poder de cidadãos que possuem títulos do Tesouro Direto, mas existe também uma parcela com o Banco Central”. Na verdade, o estoque da Dívida Pública Federal inclui outros tipos de dívida pública além dos títulos do Tesouro Direto. Neste trecho, o que deveríamos ter sido afirmado é que a maior parte dos títulos do Tesouro Direto – não do estoque total da Dívida Pública Federal – está em posse de pequenos investidores individuais. A frase original foi retirada da checagem.","Caroline Ferrari, Maurício Moraes, Patrícia Figueiredo",https://api.apify.com/v2/key-value-stores/YscJf8win8AXDLj4R/records/truco-em-8-frases-acertos-e-erros-de-geraldo-alckmin.jpg,2018-03-29 9:00:26,2018-03-29 16:05:19,2018-03-29T09:00:26+00:00,2018-03-29T16:05:19+00:00,aposentadoria|checagem|crise hídrica|economia|fact-checking|habitação|PSDB|sabesp|Truco|violência,A Públicca,2